"logger","mean","sd"
"arduino",44.1135416666667,0.754334447382373
"madgetech",42.9060710833333,0.722575731542875
