"logger","mean","sd"
"arduino",-19.3154385964912,0.0817069639659088
"madgetech",-20.8423141130604,0.0676593762704586
