"logger","mean","sd","mean_diff","sd_diff"
"arduino",0.00529217975011176,0.152837820199241,4.45733282024989,0.360383366583806
"madgetech",0.21904774308296,0.150942294587013,4.24384392358371,0.273032885472522
