"logger","mean","sd"
"arduino",-12.7517608897127,0.0857546134002728
"madgetech",-14.031030639481,0.0922014146331353
