mean_diff,mean_temp
0.5214148618379766,18.923156364202153
0.6646203986202639,16.42947576977375
0.23735023299495764,20.169475128451907
0.6130780754098426,7.913846255576579
