mean_diff,mean_temp
-0.5201826210457784,18.402973743156377
-0.6555207226750486,15.769233654813126
-0.2375254779643074,19.932124895456948
-0.6290095127922906,7.300076629360347
